task_id,plain_text,word_count,content
sandbox_task_1_eng,"Me encontré con un amigo cuyo negocio experimentó una disminución prolongada en sus ingresos anuales en más del 75% debido a la incapacidad para adaptarse al cambio que se produjo después de implementar Inteligencia Artificial, lo que me enseñó que la implementación inapropiada de IA puede tener consecuencias negativas y desalentadoras para tu negocio a largo plazo. Esta experiencia me demostró la importancia de una transición adecuada hacia la automatización en cualquier negocio.
Ahora lo que tratamos de hacer es implementar todas las opciones de inteligencia artificial para que mi negocio prospere
 
Ahora necesitamos crear una continuación",97,"<p><span id=""chunk_N8U9w"" class=""chunk factor_5Gm3N"" style=""background-color: #ffe6fe;"">Me encontr&eacute; con un amigo cuyo negocio experiment&oacute; una disminuci&oacute;n prolongada en sus ingresos anuales en m&aacute;s del 75% debido a la incapacidad para adaptarse al cambio que se produjo despu&eacute;s de implementar Inteligencia Artificial, lo que me ense&ntilde;&oacute; que la implementaci&oacute;n inapropiada de IA puede tener consecuencias negativas y desalentadoras para tu negocio a largo plazo. Esta experiencia me demostr&oacute; la importancia de una transici&oacute;n adecuada hacia la automatizaci&oacute;n en cualquier negocio.</span></p>
<p><span class=""chunk factor_5Gm3N"" style=""background-color: #ffe6fe;"">Ahora lo que tratamos de hacer es implementar todas las opciones de inteligencia artificial para que mi negocio prospere</span></p>
<p>&nbsp;</p>
<p><span class=""chunk factor_5Gm3N"" style=""background-color: #ffe6fe;"">Ahora necesitamos crear una continuaci&oacute;n</span></p>"
sandbox_task_1_eng,@ai necesito pasar a la tarea principal  de los proyectos de investigación,12,"<p><span id=""chunk_GsRVQ"" class=""chunk factor_UQHwg"" style=""background-color: #e6fff8;"">@ai necesito pasar a la tarea principal&nbsp; de los proyectos de investigaci&oacute;n</span></p>"
main_task_1,"In a world where climate change is ravaging our ecosystems, it's heartbreaking to remember the devastating bushfires that ravaged Australia in 2019, killing over a billion animals and leaving countless species on the brink of extinction. It's imperative for public policies to emerge that prioritize true change and rescue our planet from the jaws of destruction.
That is why we invite you to a global demonstration to raise people's awareness about the importance of forest conservation.",76,"<p><span id=""chunk_OoOyj"" class=""chunk factor_wZ6TZ"" style=""background-color: #eae6ff;"">In a world where climate change is ravaging our ecosystems, it's heartbreaking to remember the devastating bushfires that ravaged Australia in 2019, killing over a billion animals and leaving countless species on the brink of extinction. It's imperative for public policies to emerge that prioritize true change and rescue our planet from the jaws of destruction.</span></p>
<p><span id=""chunk_NUla1"" class=""chunk factor_wZ6TZ"" style=""background-color: #eae6ff;"">That is why we invite you to a global demonstration to raise people's awareness about the importance of forest conservation.</span></p>"
sandbox_task_1_esp,"I've been experimenting again and I finally figured out how to make this AI assistant understand me perfectly! With this breakthrough, users can now get answers instantly, saving an astonishing 99% of time spent on research.",36,"<p><span id=""chunk_7mLE8"" class=""chunk factor_Calxy"" style=""background-color: #fffee6;"">I've been experimenting again and I finally figured out how to make this AI assistant understand me perfectly! With this breakthrough, users can now get answers instantly, saving an astonishing 99% of time spent on research.</span></p>"
sandbox_task_1_esp,"
Siéntete libre de experimentar con las funciones antes de comenzar tu nueva tarea.
Aquí hay algunos pasos que puedes seguir:
Debajo de esto escribe @ai seguido de algún texto para pedirle a la IA que escriba un fragmento de texto
Una vez que la IA haya generado el párrafo, selecciona el párrafo, haz clic derecho y selecciona Crear variación.
Haz clic en diferentes modificaciones una por una y observa cómo se modifica tu texto original
Finalmente, escribe una oración incompleta, haz clic derecho y selecciona Crear continuación. Ve cómo la IA completará tu oración
Nota: Las instrucciones se encuentran en la esquina superior izquierda.
Nota: Haz clic en guardar y continuar una vez que hayas explorado las características de la herramienta.",121,"
          <p>Siéntete libre de experimentar con las funciones antes de comenzar tu nueva tarea.</p>
          <p>Aquí hay algunos pasos que puedes seguir:</p>
          <h3>Debajo de esto escribe @ai seguido de algún texto para pedirle a la IA que escriba un fragmento de texto</h3>
          <h3>Una vez que la IA haya generado el párrafo, selecciona el párrafo, haz clic derecho y selecciona <b>Crear variación</b>.</h3>
          <h3>Haz clic en diferentes modificaciones una por una y observa cómo se modifica tu texto original</h3>
          <h3>Finalmente, escribe una oración incompleta, haz clic derecho y selecciona <b>Crear continuación</b>. Ve cómo la IA completará tu oración</h3>
          
          <p><b>Nota:</b> Las instrucciones se encuentran en la esquina superior izquierda.</p>
          <p><b>Nota:</b> Haz clic en guardar y continuar una vez que hayas explorado las características de la herramienta.</p>"
sandbox_task_1_esp,"Siéntete libre de experimentar con las funciones antes de comenzar tu nueva tarea.
Aquí hay algunos pasos que puedes seguir:
Debajo de esto escribe @ai seguido de algún texto para pedirle a la IA que escriba un fragmento de texto era muy importante
Una vez que la IA haya generado el párrafo, selecciona el párrafo, haz clic derecho y selecciona Crear variación.
Haz clic en diferentes modificaciones una por una y observa cómo se modifica tu texto original
Finalmente, escribe una oración incompleta, haz clic derecho y selecciona Crear continuación. Ve cómo la IA completará tu oración
Nota: Las instrucciones se encuentran en la esquina superior izquierda.
Nota: Haz clic en guardar y continuar una vez que hayas explorado las características de la herramienta.",124,"<p>Si&eacute;ntete libre de experimentar con las funciones antes de comenzar tu nueva tarea.</p>
<p>Aqu&iacute; hay algunos pasos que puedes seguir:</p>
<h3>Debajo de esto escribe @ai seguido de alg&uacute;n texto para pedirle a la IA que escriba un fragmento de <span id=""chunk_Swgsr"" class=""chunk factor_WA1y7"" style=""background-color: #f8ffe6;"">texto era muy importante</span></h3>
<h3><span id=""chunk_jPSsF"" class=""chunk factor_WA1y7"" style=""background-color: #f8ffe6;"">Una vez que la IA haya generado el p&aacute;rrafo, selecciona el p&aacute;rrafo, haz clic derecho y selecciona <strong>Crear variaci&oacute;n</strong>.</span></h3>
<h3><span id=""chunk_3VJBE"" class=""chunk factor_WA1y7"" style=""background-color: #f8ffe6;"">Haz clic en diferentes modificaciones una por una y observa c&oacute;mo se modifica tu texto original</span></h3>
<h3>Finalmente, escribe una oraci&oacute;n incompleta, haz clic derecho y selecciona <strong>Crear continuaci&oacute;n</strong>. Ve c&oacute;mo la IA completar&aacute; tu oraci&oacute;n</h3>
<p><strong>Nota:</strong> Las instrucciones se encuentran en la esquina superior izquierda.</p>
<p><strong>Nota:</strong> Haz clic en guardar y continuar una vez que hayas explorado las caracter&iacute;sticas de la herramienta.</p>"
main_task_2,Concientizar sobre los bosques,4,<p>Concientizar sobre los bosques</p>
sandbox_task_1_eng,"Me encontré con un amigo cuyo negocio experimentó una disminución prolongada en sus ingresos anuales en más del 75% debido a la incapacidad para adaptarse al cambio que se produjo después de implementar Inteligencia Artificial, lo que me enseñó que la implementación inapropiada de IA puede tener consecuencias negativas y desalentadoras para tu negocio a largo plazo. Esta experiencia me demostró la importancia de una transición adecuada hacia la automatización en cualquier negocio.
Ahora lo que tratamos de hacer es implementar todas las opciones de inteligencia artificial para que mi negocio prospere
 
Ahora necesitamos crear una continuación",97,"<p><span id=""chunk_N8U9w"" class=""chunk factor_5Gm3N"" style=""background-color: #ffe6fe;"">Me encontr&eacute; con un amigo cuyo negocio experiment&oacute; una disminuci&oacute;n prolongada en sus ingresos anuales en m&aacute;s del 75% debido a la incapacidad para adaptarse al cambio que se produjo despu&eacute;s de implementar Inteligencia Artificial, lo que me ense&ntilde;&oacute; que la implementaci&oacute;n inapropiada de IA puede tener consecuencias negativas y desalentadoras para tu negocio a largo plazo. Esta experiencia me demostr&oacute; la importancia de una transici&oacute;n adecuada hacia la automatizaci&oacute;n en cualquier negocio.</span></p>
<p><span class=""chunk factor_5Gm3N"" style=""background-color: #ffe6fe;"">Ahora lo que tratamos de hacer es implementar todas las opciones de inteligencia artificial para que mi negocio prospere</span></p>
<p>&nbsp;</p>
<p><span class=""chunk factor_5Gm3N"" style=""background-color: #ffe6fe;"">Ahora necesitamos crear una continuaci&oacute;n</span></p>"
sandbox_task_1_eng,@ai necesito pasar a la tarea principal  de los proyectos de investigación,12,"<p><span id=""chunk_GsRVQ"" class=""chunk factor_UQHwg"" style=""background-color: #e6fff8;"">@ai necesito pasar a la tarea principal&nbsp; de los proyectos de investigaci&oacute;n</span></p>"
main_task_1,"In a world where climate change is ravaging our ecosystems, it's heartbreaking to remember the devastating bushfires that ravaged Australia in 2019, killing over a billion animals and leaving countless species on the brink of extinction. It's imperative for public policies to emerge that prioritize true change and rescue our planet from the jaws of destruction.
That is why we invite you to a global demonstration to raise people's awareness about the importance of forest conservation.",76,"<p><span id=""chunk_OoOyj"" class=""chunk factor_wZ6TZ"" style=""background-color: #eae6ff;"">In a world where climate change is ravaging our ecosystems, it's heartbreaking to remember the devastating bushfires that ravaged Australia in 2019, killing over a billion animals and leaving countless species on the brink of extinction. It's imperative for public policies to emerge that prioritize true change and rescue our planet from the jaws of destruction.</span></p>
<p><span id=""chunk_NUla1"" class=""chunk factor_wZ6TZ"" style=""background-color: #eae6ff;"">That is why we invite you to a global demonstration to raise people's awareness about the importance of forest conservation.</span></p>"
sandbox_task_1_esp,"I've been experimenting again and I finally figured out how to make this AI assistant understand me perfectly! With this breakthrough, users can now get answers instantly, saving an astonishing 99% of time spent on research.",36,"<p><span id=""chunk_7mLE8"" class=""chunk factor_Calxy"" style=""background-color: #fffee6;"">I've been experimenting again and I finally figured out how to make this AI assistant understand me perfectly! With this breakthrough, users can now get answers instantly, saving an astonishing 99% of time spent on research.</span></p>"
sandbox_task_1_esp,"
Siéntete libre de experimentar con las funciones antes de comenzar tu nueva tarea.
Aquí hay algunos pasos que puedes seguir:
Debajo de esto escribe @ai seguido de algún texto para pedirle a la IA que escriba un fragmento de texto
Una vez que la IA haya generado el párrafo, selecciona el párrafo, haz clic derecho y selecciona Crear variación.
Haz clic en diferentes modificaciones una por una y observa cómo se modifica tu texto original
Finalmente, escribe una oración incompleta, haz clic derecho y selecciona Crear continuación. Ve cómo la IA completará tu oración
Nota: Las instrucciones se encuentran en la esquina superior izquierda.
Nota: Haz clic en guardar y continuar una vez que hayas explorado las características de la herramienta.",121,"
          <p>Siéntete libre de experimentar con las funciones antes de comenzar tu nueva tarea.</p>
          <p>Aquí hay algunos pasos que puedes seguir:</p>
          <h3>Debajo de esto escribe @ai seguido de algún texto para pedirle a la IA que escriba un fragmento de texto</h3>
          <h3>Una vez que la IA haya generado el párrafo, selecciona el párrafo, haz clic derecho y selecciona <b>Crear variación</b>.</h3>
          <h3>Haz clic en diferentes modificaciones una por una y observa cómo se modifica tu texto original</h3>
          <h3>Finalmente, escribe una oración incompleta, haz clic derecho y selecciona <b>Crear continuación</b>. Ve cómo la IA completará tu oración</h3>
          
          <p><b>Nota:</b> Las instrucciones se encuentran en la esquina superior izquierda.</p>
          <p><b>Nota:</b> Haz clic en guardar y continuar una vez que hayas explorado las características de la herramienta.</p>"
sandbox_task_1_esp,"Siéntete libre de experimentar con las funciones antes de comenzar tu nueva tarea.
Aquí hay algunos pasos que puedes seguir:
Debajo de esto escribe @ai seguido de algún texto para pedirle a la IA que escriba un fragmento de texto era muy importante
Una vez que la IA haya generado el párrafo, selecciona el párrafo, haz clic derecho y selecciona Crear variación.
Haz clic en diferentes modificaciones una por una y observa cómo se modifica tu texto original
Finalmente, escribe una oración incompleta, haz clic derecho y selecciona Crear continuación. Ve cómo la IA completará tu oración
Nota: Las instrucciones se encuentran en la esquina superior izquierda.
Nota: Haz clic en guardar y continuar una vez que hayas explorado las características de la herramienta.",124,"<p>Si&eacute;ntete libre de experimentar con las funciones antes de comenzar tu nueva tarea.</p>
<p>Aqu&iacute; hay algunos pasos que puedes seguir:</p>
<h3>Debajo de esto escribe @ai seguido de alg&uacute;n texto para pedirle a la IA que escriba un fragmento de <span id=""chunk_Swgsr"" class=""chunk factor_WA1y7"" style=""background-color: #f8ffe6;"">texto era muy importante</span></h3>
<h3><span id=""chunk_jPSsF"" class=""chunk factor_WA1y7"" style=""background-color: #f8ffe6;"">Una vez que la IA haya generado el p&aacute;rrafo, selecciona el p&aacute;rrafo, haz clic derecho y selecciona <strong>Crear variaci&oacute;n</strong>.</span></h3>
<h3><span id=""chunk_3VJBE"" class=""chunk factor_WA1y7"" style=""background-color: #f8ffe6;"">Haz clic en diferentes modificaciones una por una y observa c&oacute;mo se modifica tu texto original</span></h3>
<h3>Finalmente, escribe una oraci&oacute;n incompleta, haz clic derecho y selecciona <strong>Crear continuaci&oacute;n</strong>. Ve c&oacute;mo la IA completar&aacute; tu oraci&oacute;n</h3>
<p><strong>Nota:</strong> Las instrucciones se encuentran en la esquina superior izquierda.</p>
<p><strong>Nota:</strong> Haz clic en guardar y continuar una vez que hayas explorado las caracter&iacute;sticas de la herramienta.</p>"
main_task_2,Concientizar sobre los bosques,4,<p>Concientizar sobre los bosques</p>
